1602374400000,28.41,28.72,27.876,28.5271,2329452.666,1602460799999,66060639.207251,150757,942082.209,26719001.1860891,0
1602460800000,28.52,31.1299,28.4338,30.6503,4364790.221,1602547199999,131244685.6815882,313690,2241385.973,67364101.6339341,0
1602547200000,30.6503,31.7999,30.187,30.7256,3337167.877,1602633599999,103376455.255919,272993,1707199.741,52898526.7596302,0
1602633600000,30.7256,31.33,30.3733,30.838,2472670.449,1602719999999,76148974.450635,171589,1063854.331,32773285.1856133,0
1602720000000,30.838,31.6663,30.399,31.3256,2684900.014,1602806399999,83441987.7878503,170840,1506196.268,46852830.0173017,0
1602806400000,31.3256,31.9798,29.5705,30.0516,2971307.367,1602892799999,90779001.7261287,218994,1430627.919,43758492.5955024,0
1602892800000,30.051,30.564,29.6521,30.2414,1854975.623,1602979199999,56046581.6083654,101191,960389.439,29021444.7714922,0
1602979200000,30.2423,31.0354,30.165,30.6593,2267377.317,1603065599999,69506327.3062206,120261,1236938.366,37923713.6593934,0
1603065600000,30.6568,30.6766,29.7002,29.9107,1752644.999,1603151999999,52880539.7601399,146817,806797.927,24347358.2250505,0
1603152000000,29.9043,30.0892,28.5,28.8227,2583242.44,1603238399999,75672316.5113656,186067,1147971.72,33599995.1708424,0
1603238400000,28.8131,30.4074,28.6406,29.7329,2663615.889,1603324799999,78865122.0720149,202279,1398177.525,41392428.7085807,0
1603324800000,29.7355,31.3,29.6655,30.6396,2830836.337,1603411199999,86720646.8231899,204132,1490478.566,45670760.8900087,0
1603411200000,30.6334,31.2,30.0652,30.6377,2025854.801,1603497599999,62169451.0384786,130516,821754.998,25211488.740969,0
1603497600000,30.6461,30.8781,30.4243,30.6639,1625502.524,1603583999999,49794483.4465404,86612,579006.811,17734607.9038578,0
1603584000000,30.6522,30.9726,29.8805,30.128,1486538.469,1603670399999,45200159.7482249,111546,658539.912,20033815.7164314,0
1603670400000,30.1342,31.43,29.96,31.0467,2648020.165,1603756799999,81440471.6615709,175463,1404005.072,43202523.3845278,0
1603756800000,31.0436,32.3788,30.9,31.4826,2889326.968,1603843199999,91337221.7499318,213681,1524276.967,48188418.8585807,0
1603843200000,31.473,31.9375,29.8,30.3338,2208604.609,1603929599999,68301209.6143729,164283,1085044.874,33621422.5164727,0
1603929600000,30.3295,30.4272,29.47,29.8702,1977911.04,1604015999999,59517443.8081637,136168,1007348.416,30343357.1042767,0
1604016000000,29.8696,30.2596,27.5111,28.4909,3211305.358,1604102399999,91773152.8073699,231147,1553271.738,44373300.3779826,0
1604102400000,28.4969,28.888,28.1132,28.5058,1986140.314,1604188799999,56676023.1622222,118556,892183.602,25472029.5512662,0
1604188800000,28.5058,28.679,28.0,28.5318,1916131.681,1604275199999,54186354.1899447,91856,804434.812,22776506.4455096,0
1604275200000,28.5485,29.3079,27.7782,27.7983,2123599.052,1604361599999,60737427.1801497,134858,1067790.961,30578253.7579084,0
1604361600000,27.7984,27.7984,25.7499,26.8638,2591560.855,1604447999999,69103680.171422,173479,1200696.401,32013492.4878141,0
1604448000000,26.8722,26.97,25.9,26.96,2039985.34,1604534399999,54040159.9701983,150959,969017.788,25681575.7295765,0
1604534400000,26.9607,27.8947,26.6601,27.6875,2396900.822,1604620799999,65625192.2818915,172414,1236813.078,33873982.5840826,0
1604620800000,27.686,29.4692,27.6668,29.0435,2741813.969,1604707199999,78788712.4414132,215395,1462499.939,42036454.9000617,0
1604707200000,29.0391,29.899,26.85,27.7651,3091788.824,1604793599999,88745055.8082075,259798,1494116.399,42940151.1045117,0
1604793600000,27.7628,28.6943,27.449,28.4101,2298549.455,1604879999999,64871413.8250186,142614,1273716.715,35994212.2877209,0
1604880000000,28.4101,28.9691,27.3461,28.0941,2148267.466,1604966399999,60645138.3246936,186163,1087354.057,30709361.7648223,0
1604966400000,28.0836,28.488,27.6114,28.2188,2172598.769,1605052799999,61108713.3245662,155588,1121283.026,31544055.5674071,0
1605052800000,28.2183,28.5999,27.7966,28.016,1974074.31,1605139199999,55629780.2600814,135668,955251.401,26932373.7789275,0
1605139200000,28.0057,28.1599,27.3028,27.6874,1661489.286,1605225599999,46197453.3888555,123738,718057.954,19950089.519391,0
1605225600000,27.7019,28.5198,27.5284,28.1974,1934234.556,1605311999999,54174977.5643055,172193,976598.264,27358363.5979179,0
1605312000000,28.1974,28.1974,27.3684,27.9311,1503467.499,1605398399999,41716295.0042033,132361,673142.504,18666303.4211227,0
1605398400000,27.9359,28.2332,27.07,27.6786,1442022.548,1605484799999,40116215.6090173,146356,673956.423,18754846.2427647,0
1605484800000,27.6822,28.2202,27.4461,27.9451,1685368.835,1605571199999,46962028.7453876,172529,882365.089,24585231.7523663,0
1605571200000,27.9588,28.8,27.9262,28.5552,2243647.205,1605657599999,63861426.3900747,207380,1181296.679,33621059.124064,0
1605657600000,28.5552,28.838,27.5,28.0931,2220839.931,1605743999999,62538448.4686002,247361,1098227.035,30960107.1480809,0
1605744000000,28.1049,28.3666,27.6183,28.1387,2011350.337,1605830399999,56444452.2279035,162787,893776.223,25075421.3341656,0
1605830400000,28.1266,29.3516,28.0598,28.9715,2491336.079,1605916799999,71408453.4587546,213320,1364081.112,39042039.3225598,0
1605916800000,28.9722,30.8,28.2955,30.5161,3160335.472,1606003199999,93653968.6634836,297019,1672370.541,49573933.2083156,0
1606003200000,30.5168,31.12,29.0,30.0226,2842370.783,1606089599999,85423529.8039215,299851,1400117.881,42122620.504432,0
1606089600000,30.0291,31.1,29.786,30.995,2920522.887,1606175999999,88971207.3290705,302496,1421000.982,43301805.0357508,0
1606176000000,30.9994,35.14,30.7934,33.9407,7296367.369,1606262399999,240609850.8251635,572451,3757417.827,123960683.7018773,0
1606262400000,33.9451,35.4338,30.439,31.2953,4589237.082,1606348799999,152462923.2455184,416580,2325880.915,77371613.145979,0
1606348800000,31.295,31.7708,26.35,28.2356,6241853.013,1606435199999,179684915.4319223,579228,2986345.323,85941795.3593218,0
1606435200000,28.2354,28.7175,27.2042,28.4606,2317359.795,1606521599999,65177587.3842698,241590,1218099.201,34262091.4479924,0
1606521600000,28.4606,29.6175,27.9,29.1766,2636652.594,1606607999999,76333840.0852929,199459,1330936.195,38556482.9521749,0
1606608000000,29.1552,30.45,28.8544,30.1045,2857702.301,1606694399999,84748920.1725558,176612,1162678.118,34388649.3257958,0
1606694400000,30.1003,31.5999,29.723,31.4935,2978036.229,1606780799999,91534747.055381,242039,1512863.138,46472017.8179125,0
1606780800000,31.4935,31.8875,29.17,30.1996,3139022.083,1606867199999,96681205.6214727,311551,1435299.979,44193362.4619928,0
1606867200000,30.2003,30.9993,29.5306,30.2875,2360296.308,1606953599999,71525356.850704,191861,1165310.762,35323192.8874485,0
1606953600000,30.2724,30.793,29.8568,30.7065,1924462.466,1607039999999,58447530.6808109,152875,822959.118,25002819.3813699,0
1607040000000,30.7099,31.1371,28.7051,29.0231,2064574.445,1607126399999,61840679.7646827,216245,971679.158,29124178.6506524,0
1607126400000,29.0315,30.0588,28.6588,29.728,1836870.147,1607212799999,53893876.3625983,177713,872479.239,25612862.4044572,0
1607212800000,29.7296,30.1819,29.0124,29.5026,1330813.899,1607299199999,39419545.0689589,133765,611269.776,18111875.0669489,0
1607299200000,29.4912,29.6685,29.06,29.37,1219543.166,1607385599999,35795857.6573833,114943,624858.115,18341832.9326417,0
1607385600000,29.3705,29.4998,27.45,27.6705,1844102.056,1607471999999,52562094.3021941,217658,890379.541,25357260.7243902,0
1607472000000,27.6705,28.3853,26.9244,28.1452,1635344.181,1607558399999,45454697.5386896,182482,816041.729,22689360.2938392,0
1607558400000,28.144,28.2997,27.39,27.6926,1344683.627,1607644799999,37402211.1035569,118644,585650.619,16286547.5696264,0
1607644800000,27.695,27.77,26.7273,27.3419,1244803.112,1607731199999,33839924.1542774,144598,607185.235,16504169.1325074,0
1607731200000,27.349,28.23,27.2542,28.1603,1293965.518,1607817599999,36058480.5872906,112495,495849.334,13816897.5805211,0
1607817600000,28.1603,29.2628,28.0,29.1571,1639495.816,1607903999999,47146012.390196,137327,652113.422,18732608.1141783,0
1607904000000,29.1599,30.1884,28.6669,30.0338,2028334.088,1607990399999,59668479.1810639,200800,962144.732,28297532.85801,0
1607990400000,30.0338,30.379,29.3069,29.5053,1624791.814,1608076799999,48398355.2235207,176586,742663.07,22136116.5203677,0
1608076800000,29.5059,30.614,29.0265,30.5577,2161816.842,1608163199999,64494864.3794064,231879,1168336.576,34865669.0567135,0
1608163200000,30.5524,31.5489,29.6891,30.2255,3274786.131,1608249599999,100846680.8674189,320109,1677504.006,51665049.9456326,0
1608249600000,30.2254,31.2172,29.61,30.9882,2045326.343,1608335999999,62443342.4142675,200766,1036938.84,31665031.4038501,0
1608336000000,30.9858,34.2307,30.8812,33.3167,4117460.293,1608422399999,134985674.648901,356909,2175383.691,71310443.4407859,0
1608422400000,33.3018,35.69,32.5899,34.3148,4477498.818,1608508799999,153515421.8136417,346574,2400677.577,82392268.6336403,0
1608508800000,34.3072,35.6,31.4871,32.05,4558115.88,1608595199999,152823799.8311665,387995,2262210.258,75953752.2598064,0
1608595200000,32.05,33.8,30.4719,33.5151,3563635.673,1608681599999,115167307.8079382,359713,1769897.418,57240620.9843231,0
1608681600000,33.5112,34.505,30.0,31.1843,3940926.442,1608767999999,128877133.6917357,431164,1953068.546,64055386.8085537,0
1608768000000,31.1698,32.7589,30.0,32.4895,2999570.853,1608854399999,94739220.627289,317894,1510622.972,47732450.4863114,0
1608854400000,32.4947,33.4954,31.7313,33.1996,2596272.905,1608940799999,84844896.3175845,237471,1199832.98,39215113.3603179,0
1608940800000,33.1996,34.0495,32.51,33.6361,2418941.544,1609027199999,80768632.4381237,280678,1195320.551,39922638.2827846,0
1609027200000,33.651,34.99,31.8601,33.674,3747872.718,1609113599999,126569474.2263928,383603,1841524.918,62195798.2273215,0
1609113600000,33.6741,36.15,33.3105,35.951,4121783.103,1609199999999,145163638.0339237,365388,2213040.449,78000373.635263,0
1609200000000,35.9507,39.9999,35.3015,39.0667,7022548.487,1609286399999,266651443.8007531,626216,3752689.246,142503967.0938527,0
1609286400000,39.0746,39.27,36.8131,38.1558,2424623.467,1609372799999,91497596.0416403,318773,1238675.661,46748294.4897268,0
1609372800000,38.1558,38.2133,36.5157,37.3588,1887715.835,1609459199999,70486125.9625969,215191,936965.882,35002864.2094946,0
1609459200000,37.3596,38.959,36.9555,37.7762,2435989.127,1609545599999,92358608.1130839,287020,1211046.869,45917587.073385,0
1609545600000,37.7637,38.8798,36.8,38.2331,3018062.206,1609631999999,114060050.8496281,342120,1515999.029,57304776.3182929,0
1609632000000,38.2331,41.7017,37.763,41.2575,4903626.697,1609718399999,195224916.820531,499815,2538670.213,101002743.0746043,0
1609718400000,41.256,43.2039,38.02,41.1333,5306248.166,1609804799999,214835112.0872519,546562,2748524.557,111379845.6171471,0
1609804800000,41.13,41.8375,38.8014,41.8219,3513141.346,1609891199999,141831731.9587631,410985,1788689.042,72265488.7393605,0
1609891200000,41.8271,42.267,40.4531,42.2417,3784444.687,1609977599999,156404649.3163699,417519,1864717.1,77109380.974763,0
1609977600000,42.244,44.9,41.366,43.5728,5026746.669,1610063999999,216717611.7697121,523288,2535285.668,109380395.0858449,0
1610064000000,43.5728,43.722,40.2313,42.356,3548923.788,1610150399999,149951576.8513453,411558,1804018.632,76246982.4386924,0
1610150400000,42.345,44.0552,41.5,43.8479,2720363.636,1610236799999,116290473.5386175,294683,1458819.253,62429021.6118467,0
1610236800000,43.8479,45.162,40.0,42.4031,4277406.29,1610323199999,185165251.1320646,431771,2147084.162,93038871.7060966,0
1610323200000,42.4033,42.5094,35.0374,38.1674,6332801.055,1610409599999,243017347.9694713,664128,3174405.769,121735208.641529,0
1610409600000,38.1623,40.1989,37.0,38.2541,3261261.81,1610495999999,125897888.047957,342953,1694961.868,65468036.386054,0
1610496000000,38.2703,40.4499,37.02,40.1114,3512089.385,1610582399999,135791180.057457,366040,1870527.111,72423038.8991144,0
1610582400000,40.1114,42.0,39.5739,41.8723,3306689.933,1610668799999,135085613.30355,306640,1701948.681,69561800.4605381,0
1610668800000,41.8721,42.5622,38.6616,40.8668,3431358.936,1610755199999,140633163.6256023,363002,1713572.013,70259834.053726,0
1610755200000,40.8951,44.12,40.625,43.142,3243054.414,1610841599999,138015822.2312169,362622,1631631.285,69475964.0289781,0
1610841600000,43.1413,46.7228,40.9192,45.8675,3878914.299,1610927999999,169754085.7227767,445985,1968186.291,86107135.7011905,0
1610928000000,45.8645,46.8888,44.0278,45.3412,3069449.938,1611014399999,139399114.1553898,366780,1621464.039,73628836.3248263,0
1611014400000,45.3592,47.2187,41.7,42.5241,5151546.872,1611100799999,229455474.2432518,513040,2599956.861,116002911.421183,0
1611100800000,42.5241,43.0992,40.2,42.6069,3709936.492,1611187199999,154503844.311202,424497,1925380.864,80231634.3700017,0
1611187200000,42.6056,42.7176,38.2,38.6343,3388587.657,1611273599999,137245296.2017336,428440,1698015.514,68782961.643541,0
1611273600000,38.6596,41.528,36.8518,40.8936,3088685.295,1611359999999,122212901.7638495,382460,1590742.579,63014625.2983667,0
1611360000000,40.8938,41.88,39.4555,40.9109,2531809.648,1611446399999,103044289.6364261,244514,1342648.733,54685755.3869453,0
1611446400000,40.9113,42.2,40.3144,41.8263,2340747.623,1611532799999,97017133.5978513,217223,1318156.759,54670519.1823808,0
1611532800000,41.827,43.4241,40.5364,41.8347,2778238.02,1611619199999,117399838.4063164,336526,1437150.416,60745745.8923321,0
1611619200000,41.8347,42.598,39.6955,41.8396,2758108.622,1611705599999,113401083.8483374,336515,1412818.169,58139352.1954479,0
1611705600000,41.8397,42.0984,39.6102,40.8826,2638401.378,1611791999999,108149178.3593736,367923,1347626.69,55247217.2769438,0
1611792000000,40.8957,43.085,40.317,42.5254,2984098.651,1611878399999,125825473.6606247,366517,1605987.652,67792465.5603934,0
1611878400000,42.5277,44.0,41.8017,42.8618,3433689.484,1611964799999,147364483.4547029,481047,1728245.52,74215737.7248485,0
1611964800000,42.8653,45.1071,42.5911,44.7849,2767954.291,1612051199999,121803577.410981,408399,1380161.055,60779677.9527693,0
1612051200000,44.8022,45.8269,43.3,44.3292,2431692.198,1612137599999,107955886.1665317,356678,1272280.642,56490926.295949,0
1612137600000,44.3291,52.3736,43.4331,51.4781,6095055.413,1612223999999,294440153.8956684,674212,3139861.584,151650053.087841,0
1612224000000,51.4762,53.0,49.1572,51.0071,4675040.877,1612310399999,237619391.9434699,667934,2324364.12,118106043.9454521,0
1612310400000,51.029,52.7,49.7823,52.12,2949735.036,1612396799999,150776117.8031686,462818,1478021.885,75613932.0146984,0
1612396800000,52.12,57.0547,51.25,55.9599,4004741.294,1612483199999,215002299.8179948,579484,2009170.327,107865218.5724451,0
1612483200000,55.9593,68.73,55.9202,67.7005,5040545.223,1612569599999,306515082.6292277,682891,2553628.244,155384183.3269051,0
1612569600000,67.6217,75.5,61.7,72.8356,8482528.531,1612655999999,595983260.0097728,1151480,4308346.676,302785733.720596,0
1612656000000,72.8693,74.8199,64.1803,68.3542,5969908.442,1612742399999,413359634.3580308,851424,3021096.543,209312842.4879326,0
1612742400000,68.355,79.8823,67.6152,79.8374,7860567.389,1612828799999,573806461.5287858,1279676,4120260.435,301029214.6967229,0
1612828800000,79.8734,116.24,78.0381,107.3469,12487305.868,1612915199999,1222317019.460554,1979175,6447029.417,630568283.4422902,0
1612915200000,107.3496,148.4,107.2811,128.9711,16613534.274,1613001599999,2139218096.5096064,2836233,8398597.777,1082406763.2562406,0
1613001600000,128.9463,132.8,117.7289,124.085,5920400.255,1613087999999,737374300.5875953,1185612,3047395.251,379874522.7372378,0
1613088000000,124.1129,141.32,120.89,136.6139,5626020.824,1613174399999,740055607.987079,1155321,2942482.779,386870697.1807119,0
1613174400000,136.7321,138.5067,125.0,133.3496,3785723.402,1613260799999,497454132.3754869,936880,1928761.338,253709480.2782892,0
1613260800000,133.3498,139.0,128.4615,135.8623,4405507.885,1613347199999,588209671.8743159,919313,2232139.512,298343025.8263316,0
1613347200000,135.8623,139.369,118.0,130.303,4772752.806,1613433599999,617209050.2792228,953125,2344720.725,303521358.6874611,0
1613433600000,129.9493,133.4925,126.0,130.183,3258276.714,1613519999999,423640104.8636006,616879,1608528.808,209214194.8675469,0
1613520000000,130.183,175.9997,126.7546,165.3233,10185662.26,1613606399999,1540919651.6330936,1654588,5245414.901,792880237.8561211,0
1613606400000,165.3176,199.88,162.7969,195.6,11226893.373,1613692799999,2093727364.879095,2106653,5657234.091,1056336845.7121124,0
1613692800000,195.5549,348.6969,194.9279,333.111,20188858.198,1613779199999,5528652618.860825,4491728,10318236.699,2828404226.3620553,0
1613779200000,333.2212,335.0,223.0,253.0,13497656.247,1613865599999,3803591547.4482107,3476190,6630970.895,1870410142.65804,0
1613865600000,253.01,309.4995,249.7044,295.2597,10646422.307,1613951999999,3016515097.5884132,2525329,5465511.067,1549414473.0323377,0
1613952000000,294.9167,296.0,220.5,267.5147,12604399.402,1614038399999,3304868176.0392327,2806150,6230811.548,1634263433.564735,0
1614038400000,267.1721,269.444,186.1,231.3646,15879767.559,1614124799999,3533975184.114267,3227858,7774847.038,1731886938.4771376,0
1614124800000,231.3646,281.0,213.0257,254.5056,11777825.187,1614211199999,2968825220.6605544,2798601,6004023.023,1513501759.6017087,0
1614211200000,254.3826,265.4014,231.5,234.9146,6871992.794,1614297599999,1718504824.0212388,1774378,3452288.397,864352539.8770039,0
1614297600000,234.7605,239.4,209.105,221.717,7410706.385,1614383999999,1673740236.8863392,1741056,3737840.02,844865944.4801531,0
1614384000000,221.9592,237.77,219.011,225.3853,4192697.152,1614470399999,956073854.7960742,1008973,2166141.723,494139830.7168909,0
1614470400000,225.4567,229.4,195.0,210.2138,5674373.249,1614556799999,1188324867.5736897,1183188,2866699.584,600250917.3107389,0
1614556800000,210.1177,260.0,209.1204,254.9637,7911568.194,1614643199999,1909672582.7119243,1907462,4088744.418,987099003.8664237,0
1614643200000,254.9486,264.9,227.0,239.6841,5386013.794,1614729599999,1322863990.4305172,1328836,2745718.964,674747254.2673796,0
1614729600000,239.7204,254.8481,236.002,240.5701,4278388.733,1614815999999,1055004494.1174927,1000546,2186236.085,539390338.7125823,0
1614816000000,240.4801,249.9885,225.5308,229.6369,3999983.836,1614902399999,951344257.2707064,926776,2073150.058,493415239.003189,0
1614902400000,229.6369,232.2,215.6439,225.4714,3654842.805,1614988799999,816218663.6047622,979892,1883684.035,420821067.0647086,0
1614988800000,225.5391,232.4996,219.1514,226.3814,2663375.536,1615075199999,600491090.2031841,746840,1364543.409,307822727.2659052,0
1615075200000,226.3812,243.95,224.9542,240.11,3519962.929,1615161599999,825683976.966841,830560,1828590.463,428612114.9730892,0
1615161600000,240.1039,243.0986,228.7029,240.5509,3045991.968,1615247999999,717450084.5848948,828116,1619678.38,381672307.0468426,0
1615248000000,240.7852,297.2962,235.6001,293.2052,7937298.708,1615334399999,2125830116.6707406,2185699,4111348.115,1100055373.809576,0
1615334400000,293.1305,295.5,263.8184,278.4499,6012304.148,1615420799999,1691967448.9887078,1879085,2995946.109,843685237.1124607,0
1615420800000,278.3522,315.2855,272.12,290.0301,6598662.207,1615507199999,1921178267.9669902,1782636,3393838.692,988184772.1471714,0
1615507200000,289.786,290.5,247.5547,263.2201,5905880.87,1615593599999,1595966693.3539188,1777265,2965207.081,802465563.6129854,0
1615593600000,263.192,284.2857,255.4206,276.2822,3902398.386,1615679999999,1064357365.4788338,1080831,2007425.021,547567224.4635545,0
1615680000000,276.2892,276.8847,263.0003,263.238,2432196.535,1615766399999,656730954.5609341,784354,1243615.187,335878385.077513,0
1615766400000,263.35,267.7453,249.5327,254.5144,3362734.143,1615852799999,865778780.1144474,913171,1667663.927,429410043.5718432,0
1615852800000,254.3894,259.7847,240.199,258.5352,3013229.0,1615939199999,759878684.5077829,941686,1514276.021,382186012.6199506,0
1615939200000,258.5611,272.1787,248.2001,269.7896,2856836.919,1616025599999,734538705.6010387,710698,1469304.526,377726659.8649003,0
1616025600000,269.8578,277.8,257.01,261.4816,3152509.589,1616111999999,849612650.8889891,1367757,1579427.666,425652134.4477124,0
1616112000000,261.5157,269.0,255.0,262.935,2262870.653,1616198399999,598172787.5127919,757665,1147666.894,303458569.6988104,0
1616198400000,263.1083,274.6805,261.4,264.3023,2377018.11,1616284799999,637249236.4276834,696501,1189614.878,318991087.8723834,0
1616284800000,264.2213,268.0305,257.0001,264.6513,1973476.754,1616371199999,520164482.6716413,595243,985373.897,259804359.6084102,0
1616371200000,264.7152,277.0,252.9164,254.7976,3265655.831,1616457599999,867393890.9961793,1023992,1638252.799,435356572.156466,0
1616457600000,254.9689,262.97,251.838,255.4646,2587450.732,1616543999999,667040263.824583,693711,1319720.054,340310596.6065826,0
1616544000000,255.5191,268.7062,240.3333,248.5236,3270691.795,1616630399999,842490109.3031726,912867,1639926.078,422734582.0514395,0
1616630400000,248.5345,250.0912,224.9686,233.9466,3498082.827,1616716799999,831361532.2659026,1169645,1746529.009,415262025.1503244,0
1616716800000,234.0024,255.2113,233.8114,255.2105,2635329.155,1616803199999,650316857.7394375,866262,1391907.669,343505914.9804711,0
1616803200000,255.1201,276.0,249.5001,269.2234,3089181.848,1616889599999,804732179.3560841,897779,1609286.117,419420988.338874,0
1616889600000,269.2864,281.3939,261.0,268.4263,3272613.755,1616975999999,888837689.742223,1043000,1635934.711,444520994.041037,0
1616976000000,268.6234,277.9813,264.4585,275.2991,2728496.99,1617062399999,743818283.8759371,715362,1348663.637,367679631.4114833,0
1617062400000,275.2986,311.5325,271.2857,311.2962,5532768.33,1617148799999,1633393562.8013515,1591484,2795755.06,825555132.6255116,0
1617148800000,311.2962,316.6997,284.0,302.3724,4719335.506,1617235199999,1432519744.2660227,1513354,2335278.292,709198524.6444328,0
1617235200000,302.4591,339.0,300.7,334.7991,4390708.581,1617321599999,1403784882.8732836,1443003,2295129.569,735483964.2745214,0
1617321600000,334.6706,356.9882,324.6162,338.2932,4205858.478,1617407999999,1449673755.0076194,1583075,2156223.006,743048296.8561689,0
1617408000000,338.2932,349.1347,315.91,321.9497,3099870.848,1617494399999,1044647379.113692,1201098,1526788.222,514720353.0294948,0
1617494400000,321.9597,352.3275,316.0,348.8617,2730876.03,1617580799999,930046907.3464288,1194390,1461473.173,498289249.9296426,0
1617580800000,348.8705,380.0,335.8442,368.0263,3473780.055,1617667199999,1251830835.7298312,1685071,1753704.31,631788854.5523547,0
1617667200000,368.1506,411.755,363.8333,403.3648,4481056.436,1617753599999,1741879509.9979262,1849537,2320423.115,902260599.136916,0
1617753600000,403.2607,414.3803,356.0,375.5538,6179859.708,1617839999999,2382943130.3336415,2394276,3046012.243,1174286253.3030705,0
1617840000000,375.5538,422.6323,371.78,418.7048,4092498.638,1617926399999,1657671967.081196,1572444,2068162.371,837822102.3706211,0
1617926400000,418.7047,453.9937,403.19,453.9937,3670424.433,1618012799999,1585030394.379519,1577251,1861353.607,803881479.1693763,0
1618012800000,453.9898,487.4062,450.0,471.2975,4659107.212,1618099199999,2200226600.9799323,2198963,2343990.692,1106914782.216326,0
1618099200000,471.2974,529.211,458.0165,525.9275,3644396.11,1618185599999,1776698304.8045454,1714867,1870815.494,912632086.7668072,0
1618185600000,525.9275,638.5673,515.1,596.7104,9279328.84,1618271999999,5344661902.251941,4170759,4716105.003,2717750221.9402256,0
1618272000000,596.7878,602.7871,530.2288,551.6442,5447746.544,1618358399999,3061385296.102707,2657936,2682801.983,1507346463.339458,0
1618358400000,551.3956,590.5369,521.1313,550.0182,4213337.251,1618444799999,2356734422.954988,2098627,2104771.539,1178203841.483344,0
1618444800000,550.0182,556.9,533.7166,541.8824,2306850.045,1618531199999,1261789670.8404372,1267361,1163438.097,636442249.5718181,0
1618531200000,541.8351,547.6074,489.7356,508.2743,4192218.462,1618617599999,2179386782.467181,2268178,2039197.186,1060928077.3448288,0
1618617600000,508.2614,547.95,506.0,514.6861,2949040.221,1618703999999,1548814458.1705544,1573732,1556358.667,817486902.0443245,0
1618704000000,514.8178,520.4237,428.0,481.4367,4468597.46,1618790399999,2101748555.7606797,2234515,2210527.4,1040085950.9648058,0
1618790400000,481.5112,540.0,467.8846,504.0322,5031325.713,1618876799999,2572857437.0160513,2399333,2571500.16,1315476364.058136,0
1618876800000,504.0322,589.5,470.207,586.3635,5730895.325,1618963199999,3065802468.2334905,2874737,2976258.891,1594794385.6750324,0
1618963200000,586.5201,613.8975,535.9186,543.6327,5685067.894,1619049599999,3302743900.049621,3036187,2886573.781,1678848599.171705,0
1619049600000,543.6827,582.7051,480.0,505.2411,6375583.139,1619135999999,3453990005.3750396,3046301,3176384.826,1723785781.5008574,0
1619136000000,505.2282,530.0,450.0,526.5357,6855584.921,1619222399999,3382941422.360556,2895263,3413660.888,1686310183.4563494,0
1619222400000,526.4319,528.8088,482.3052,496.992,3005329.075,1619308799999,1520666084.6393692,1499659,1476100.283,746989475.76641,0
1619308800000,496.992,517.74,478.01,505.0,2489756.6252,1619395199999,1244888360.1544836,1182658,1283024.298,642039862.3318955,0
1619395200000,505.0,550.0,501.5,535.33,3098650.6351,1619481599999,1646103488.0288882,1701752,1592736.9304,846170469.0153412,0
1619481600000,535.33,579.5,525.0,568.78,2807308.6198,1619567999999,1565140057.705096,1538945,1447392.0674,807109877.0052989,0
1619568000000,568.78,578.88,538.0,562.78,2384514.8852,1619654399999,1333087930.86344,1425704,1228432.6818,687173637.255815,0
1619654400000,562.78,615.29,554.0,599.7,4336516.3347,1619740799999,2536924856.305376,2485799,2236382.1742,1308726656.7422674,0
1619740800000,599.66,628.0,585.72,622.65,3430512.4025,1619827199999,2095245536.8241105,2128827,1754421.4092,1071764087.9153816,0
1619827200000,622.64,645.57,609.21,620.0,2427568.3909,1619913599999,1516905856.2444093,1354769,1240020.8935,775012627.4961903,0
1619913600000,620.0,629.0,595.3,621.78,2066258.2844,1619999999999,1273435369.898067,1370533,1037703.4937,639746136.981755,0
1620000000000,621.77,680.0,621.22,676.15,2873379.617,1620086399999,1872406454.7114546,2014775,1469004.5141,956854947.1683826,0
1620086400000,676.15,677.71,604.14,609.3,3765315.6951,1620172799999,2400359921.759795,2347503,1862944.8449,1188203494.423859,0
1620172800000,609.41,656.67,605.0,651.1,2270137.4732,1620259199999,1454478376.495745,1360073,1168783.8181,749021456.351945,0
1620259200000,651.1,653.77,620.0,633.99,2065376.5442,1620345599999,1318819283.775989,1354644,1018335.1388,650418298.054164,0
1620345600000,634.03,644.02,611.43,624.3,1979435.9584,1620431999999,1238889450.405969,1369842,1023006.478,640390870.792559,0
1620432000000,624.3,657.91,618.36,646.1,2186084.7749,1620518399999,1395957617.959335,1417714,1114192.3023,711486762.888775,0
1620518400000,646.07,679.0,630.54,661.74,2343402.1219,1620604799999,1543794428.062309,1617528,1212666.5187,799200153.184667,0
1620604800000,661.74,691.77,588.0,631.1,3074645.0692,1620691199999,2022592640.9284978,2016009,1509043.8868,994708866.8383898,0
1620691200000,631.16,673.0,621.11,671.91,2640713.327,1620777599999,1721298080.868251,1940771,1357590.2222,885049188.737189,0
1620777600000,671.9,684.91,581.4,594.65,2813834.8185,1620863999999,1822055485.228645,2117314,1389627.7527,901787059.714025,0
1620864000000,594.2,633.5,526.6,571.1,5485323.7047,1620950399999,3209105953.134293,2633774,2728698.5715,1597606513.209764,0
1620950400000,571.1,615.0,566.0,602.61,2187570.2996,1621036799999,1301240937.051233,1435886,1124278.9216,668729304.319616,0
1621036800000,602.61,611.31,560.0,563.41,2259793.5825,1621123199999,1322248759.387284,1401360,1136273.5495,665337271.851903,0
1621123200000,563.42,606.78,534.88,564.32,2939528.1774,1621209599999,1678652421.17639,1661060,1494765.8709,854122611.961571,0
1621209600000,564.66,564.66,483.0,512.07,4029118.3527,1621295999999,2087711760.249724,1900832,2005556.7267,1039684304.762441,0
1621296000000,512.06,534.0,490.0,507.88,2720596.4374,1621382399999,1404143922.109876,1350984,1399179.1958,722486297.016674,0
1621382400000,507.9,516.5,280.0,334.8,11497731.3774,1621468799999,4527448944.4894495,3997634,5658323.6783,2229601626.3061595,0
1621468800000,334.8,423.83,284.27,391.17,8116861.4224,1621555199999,2937633738.121213,2757743,4127071.9501,1496586139.797419,0
1621555200000,391.37,415.71,274.0,326.01,8827845.3858,1621641599999,3021752642.8292913,2738049,4421100.4944,1516573333.358426,0
1621641600000,326.23,335.82,284.55,299.76,5303046.012,1621727999999,1646566206.389925,1776570,2707307.706,840911662.771988,0
1621728000000,299.75,313.45,211.7,260.72,8801148.1832,1621814399999,2229226334.873157,2747375,4298261.6572,1089403217.3530488,0
1621814400000,260.72,350.0,257.4,345.64,7794003.641,1621900799999,2371630247.307144,2644136,3979521.6528,1211042032.045568,0
1621900800000,345.64,378.12,306.61,343.18,7638986.0132,1621987199999,2568468246.869039,2679939,3858002.1658,1298178085.279542,0
1621987200000,343.18,388.28,336.21,379.16,5336916.0722,1622073599999,1962829110.773636,2082589,2673811.3373,983655102.293809,0
1622073600000,379.16,387.56,340.0,369.67,4275801.5014,1622159999999,1564221587.83169,1704366,2140808.4699,783530313.846021,0
1622160000000,369.83,373.68,312.3,328.82,5253443.3619,1622246399999,1767981944.157346,1933829,2598883.1262,874537314.700747,0
1622246400000,328.86,347.0,295.22,305.04,3764083.2923,1622332799999,1207409894.689486,1390377,1872279.1805,601649385.744475,0
1622332800000,305.18,338.32,291.06,325.57,3739673.1138,1622419199999,1204069134.173924,1408477,1911886.8185,615710137.730793,0
1622419200000,325.55,356.0,307.55,353.33,4110136.8744,1622505599999,1377416607.541584,1491701,2073385.13,695174322.053172,0
1622505600000,353.37,364.4,339.48,362.39,3652280.6916,1622591999999,1284873991.761273,1433677,1822516.9792,641389445.046448,0
1622592000000,362.36,419.43,350.43,401.54,4377024.6685,1622678399999,1713451718.593527,2005038,2216693.626,867266719.442694,0
1622678400000,401.52,433.0,391.32,428.48,4214469.415,1622764799999,1752346450.735721,2025392,2186064.7368,909442960.293411,0
1622764800000,428.46,429.5,365.0,390.7,4926793.4499,1622851199999,1916201817.164444,2012318,2419380.41,941090245.734026,0
1622851200000,390.68,426.0,373.8,390.08,3977579.347,1622937599999,1595813798.745922,1821063,2003051.7862,804467032.658608,0
1622937600000,390.05,400.29,381.5,393.73,1862065.4318,1623023999999,729084366.503952,929629,930943.47,364608739.656506,0
1623024000000,393.82,407.42,353.53,357.96,3028938.8445,1623110399999,1170669919.32938,1370512,1494666.7202,578702115.745544,0
1623110400000,357.94,366.33,319.18,352.5,4986849.8512,1623196799999,1719924713.883863,1653195,2478865.2061,855494582.004821,0
1623196800000,352.5,378.77,333.56,375.54,3494285.669,1623283199999,1249840132.937438,1317443,1774863.9483,634757943.72687,0
1623283200000,375.56,377.55,344.13,351.94,2417974.6499,1623369599999,872882198.949866,1071728,1202960.2109,434662249.103976,0
1623369600000,351.96,366.28,340.84,345.75,2215352.723,1623455999999,785929588.814169,964635,1101601.9459,390903655.273408,0
1623456000000,345.76,348.88,325.3,343.7,2074837.0012,1623542399999,699907058.519639,802290,1029693.4534,347202094.482093,0
1623542400000,343.68,369.0,330.48,365.8,1958071.3656,1623628799999,679668875.246562,910360,1013285.3649,351794187.588347,0
1623628800000,365.81,377.33,355.07,370.19,1978613.2384,1623715199999,723637001.375154,849339,1015484.5726,371383450.426436,0
1623715200000,370.2,379.58,363.23,366.48,1545190.4369,1623801599999,573156968.63816,724893,782583.002,290387496.021308,0
1623801600000,366.48,366.77,343.35,347.22,1531522.2062,1623887999999,543418325.492729,676336,779700.3651,276556823.124532,0
1623888000000,347.22,362.47,345.85,352.85,1239146.5273,1623974399999,439111935.571411,631605,621717.4866,220363779.215172,0
1623974400000,352.84,357.12,327.22,337.16,1583897.2791,1624060799999,543765122.851648,738607,771716.1532,264990565.829044,0
1624060800000,337.21,345.0,331.11,334.01,1067456.2119,1624147199999,361192951.851484,634365,543688.6954,183989153.63945,0
1624147200000,334.03,340.57,310.13,339.08,1618406.0051,1624233599999,529131275.110113,792609,792261.3171,259151147.373625,0
1624233600000,339.09,342.0,268.57,270.76,3729539.0167,1624319999999,1134169839.109733,1381929,1827178.3179,556020287.403706,0
1624320000000,270.76,291.5,225.42,262.1,5570573.4851,1624406399999,1445168751.327064,1976516,2786384.568,723447909.288362,0
1624406400000,262.1,309.75,251.41,296.25,3319089.777,1624492799999,956389175.501215,1169247,1678050.4481,483474224.49559,0
1624492800000,296.17,316.49,281.5,308.62,2635799.196,1624579199999,793593075.997634,1009251,1385968.7086,417261352.240302,0
1624579200000,308.6,314.84,275.24,280.81,2711888.8709,1624665599999,791189610.009283,1011830,1348854.6521,393675457.234358,0
1624665600000,280.89,290.33,264.26,279.65,2263064.3633,1624751999999,622268680.140945,979247,1122187.3484,308641877.811328,0
1624752000000,279.58,291.7,269.72,290.87,1539903.0268,1624838399999,431044973.383061,687822,782571.1094,219139142.959866,0
1624838400000,290.89,299.96,283.55,290.0,1884580.1557,1624924799999,548496790.262426,750241,944261.8895,274761958.49379,0
1624924800000,290.0,315.6,289.19,300.79,2126079.3416,1625011199999,646844599.029175,834590,1102485.915,335427815.865861,0
1625011200000,300.79,304.88,281.53,303.71,2061866.47,1625097599999,606540123.129403,734913,1027784.8227,302523256.298881,0
1625097600000,303.75,304.0,281.0,287.43,1388151.0265,1625183999999,401830865.476267,573928,688603.5003,199336774.047158,0
1625184000000,287.49,290.74,276.4,287.17,1003331.2269,1625270399999,282959964.051108,475079,512689.3549,144634892.715781,0
1625270400000,287.17,303.21,282.77,298.13,1016731.5662,1625356799999,299594862.737075,466472,529221.1029,155932281.290265,0
1625356800000,298.18,314.91,292.58,307.62,1309414.0255,1625443199999,401277889.880716,605689,677449.3985,207700870.224627,0
1625443200000,307.63,307.68,291.0,302.02,1403218.2408,1625529599999,421248886.193342,672197,690140.9832,207203363.968134,0
1625529600000,302.04,322.5,301.8,319.92,2066912.3595,1625615999999,650273531.159916,926280,1074874.1888,338213728.119891,0
1625616000000,319.91,340.0,318.23,327.51,1779058.2937,1625702399999,590298135.792665,886193,904080.814,299972722.159872,0
1625702400000,327.51,328.21,304.4,310.14,1644090.8501,1625788799999,519961296.569241,870608,828179.9981,261979001.80319,0
1625788800000,310.08,319.69,301.43,317.09,1106411.786,1625875199999,343735624.263496,596693,562591.0741,174766006.759253,0
1625875200000,317.09,321.44,310.57,316.12,818970.9225,1625961599999,258075549.819215,466128,422125.2851,133035620.715262,0
1625961600000,316.12,326.82,312.21,322.16,799617.835,1626047999999,256199711.968271,486889,418492.276,134081065.748826,0
1626048000000,322.17,334.37,308.57,316.12,1322836.6575,1626134399999,426623454.937474,716685,647717.2934,208968813.7391,0
1626134400000,316.11,318.33,305.2,308.94,930032.3155,1626220799999,289436636.719732,585046,471624.4206,146806397.921935,0
1626220800000,308.98,313.46,290.24,309.4,1430288.4026,1626307199999,432901624.170642,634993,709026.1883,214697217.691962,0
1626307200000,309.33,324.33,301.32,316.11,2185210.8398,1626393599999,683580014.966445,1052809,1093774.1748,342140901.256496,0
1626393600000,316.12,323.5,301.5,302.88,1456105.4019,1626479999999,452125371.767348,767224,727023.0241,225737516.36586,0
1626480000000,302.94,306.71,295.0,300.52,1030879.9611,1626566399999,309811109.644366,547784,507411.7753,152561010.560586,0
1626566400000,300.56,309.18,298.7,302.1,815497.3527,1626652799999,248310442.280799,448725,413434.355,125932857.879479,0
1626652800000,302.04,303.94,278.85,280.54,1318041.7074,1626739199999,380236625.464024,666369,647818.605,186789840.158511,0
1626739200000,280.54,283.6,254.52,264.44,1796600.5803,1626825599999,477330480.08544,746748,894982.1308,237765928.725501,0
1626825600000,264.43,298.92,261.02,293.26,1740736.0226,1626911999999,493675666.918788,757674,901974.4504,255753352.54118,0
1626912000000,293.27,298.44,287.3,293.36,1173507.9432,1626998399999,344239131.743979,674014,593027.8581,174041138.053119,0
1626998400000,293.39,301.5,281.01,299.27,1640999.5389,1627084799999,479004113.189418,898939,850635.2576,248343760.910537,0
1627084800000,299.29,307.79,295.43,301.56,1438901.3811,1627171199999,433812986.340374,681764,758287.8506,228635060.89773,0
1627171200000,301.53,304.44,292.34,302.56,1083557.277,1627257599999,324189704.048681,536267,552424.3586,165322900.00668,0
1627257600000,302.56,328.0,301.0,304.0,2575554.2802,1627343999999,814831876.350239,1245770,1309753.8291,414652245.307306,0
1627344000000,304.0,318.41,297.61,313.48,1678708.0635,1627430399999,516987151.379439,830331,875258.4004,269512473.16026,0
1627430400000,313.47,318.68,308.0,313.8,1308249.13,1627516799999,410191599.793607,706207,666436.1644,209021047.811072,0
1627516800000,313.84,320.31,308.6,317.03,998946.1839,1627603199999,313547925.46514,499603,521486.8805,163738229.262128,0
1627603200000,317.1,325.66,306.16,322.58,1297421.6445,1627689599999,409615592.86199,622787,674590.7763,213093536.668846,0
1627689600000,322.58,338.44,317.21,332.38,1393753.965,1627775999999,457403870.688032,678980,723600.7139,237595584.015846,0
1627776000000,332.38,347.8,328.99,332.59,1514514.2178,1627862399999,514454683.275946,848871,782348.0561,265878576.041112,0
1627862400000,332.63,338.29,326.17,330.55,1018741.3098,1627948799999,338323320.513389,554120,518450.6129,172226843.002384,0
1627948800000,330.53,334.73,317.02,323.43,1060806.3447,1628035199999,343038810.017112,498550,534938.0353,173017235.336345,0
1628035200000,323.44,337.39,319.78,334.77,969671.4228,1628121599999,318558568.225493,564546,507183.2848,166652398.554635,0
1628121600000,334.78,340.17,323.37,337.91,1263649.4926,1628207999999,419560178.096515,675411,640386.7725,212668987.055897,0
1628208000000,337.92,347.14,331.12,342.39,1267498.9178,1628294399999,429722920.938203,651241,643899.6525,218345512.7565,0
1628294400000,342.39,359.74,340.34,356.18,1545801.188,1628380799999,542603720.121595,783556,780105.0552,273808957.840442,0
1628380800000,356.18,359.87,337.0,341.79,1275768.154,1628467199999,445920620.983132,685710,637395.5148,222953184.976974,0
1628467200000,341.79,357.7,333.15,354.32,1284975.5132,1628553599999,448732876.95589,738182,638871.5007,223182907.116816,0
1628553600000,354.32,376.6,348.0,371.92,1660844.1918,1628639999999,604564023.905828,1108969,844331.8479,307326223.381171,0
1628640000000,371.95,408.72,371.09,390.96,1911892.6875,1628726399999,746352235.758229,1315114,994969.678,388360673.769969,0
1628726400000,390.92,406.18,371.59,385.66,1835305.9382,1628812799999,709029017.365146,1054147,913400.1935,352974806.111734,0
1628812800000,385.69,411.46,382.91,410.76,1261827.2925,1628899199999,504721884.412638,1039281,647998.6037,259244829.958551,0
1628899200000,410.74,418.8,400.0,408.67,1439286.5064,1628985599999,587011410.464729,979054,711034.7929,290044032.592885,0
1628985600000,408.66,415.16,395.88,414.05,1238115.4178,1629071999999,501360731.252956,667641,626652.3894,253881707.118168,0
1629072000000,414.05,437.0,410.79,415.72,1850324.1906,1629158399999,782937826.9759486,1005712,935148.1275,395702904.9766126,0
1629158400000,415.72,435.77,398.77,401.8,1984029.275,1629244799999,833886620.824414,1075176,999206.4185,420382381.958381,0
1629244800000,401.86,412.36,385.47,396.15,1750539.5385,1629331199999,698437988.862602,1008587,873118.4444,348486697.278389,0
1629331200000,396.23,431.7,390.89,431.27,1852873.4714,1629417599999,760855598.336724,1106798,948683.2212,389701706.797538,0
1629417600000,431.21,458.0,421.84,454.93,1691101.5102,1629503999999,741836933.510225,1306013,884813.9113,388146665.315858,0
1629504000000,454.92,460.0,443.47,448.74,1426818.8978,1629590399999,646029835.594676,854002,735721.9985,333230170.543424,0
1629590400000,448.74,458.34,437.77,448.68,1135535.8076,1629676799999,509610173.147653,694269,577741.3149,259343651.621651,0
1629676800000,448.69,509.71,445.89,499.06,2660809.0219,1629763199999,1298353030.852169,1811364,1331807.7318,649326995.446275,0
1629763200000,499.06,504.2,461.12,471.62,2080297.6979,1629849599999,1005799339.791438,1544248,1053827.6492,510203090.865685,0
1629849600000,471.62,507.0,470.0,503.19,2242911.0333,1629935999999,1097153964.71357,1509519,1147940.1845,561662116.979682,0
1629936000000,503.17,518.94,471.2,478.1,2229652.231,1630022399999,1091106242.802029,1317370,1110486.0316,543630780.186364,0
1630022400000,478.2,495.0,467.1,494.5,1549790.9246,1630108799999,747871449.796287,967190,799046.7263,385759376.196281,0
1630108800000,494.6,497.0,482.3,486.2,891854.5838,1630195199999,434757166.853921,647241,445617.7873,217271794.832321,0
1630195200000,486.1,495.5,475.0,479.7,910773.939,1630281599999,441423115.5593,535858,448184.594,217321228.5083,0
1630281600000,479.7,480.9,457.0,460.3,1125497.9612,1630367999999,532177068.407757,645920,560117.8346,265034573.541768,0
1630368000000,460.2,477.8,448.2,463.9,1477345.5552,1630454399999,687097552.053561,753856,731442.217,340294999.88438,0
1630454400000,463.9,490.0,455.1,489.4,1320635.94,1630540799999,627928762.5625,702925,691582.643,328993144.6141,0
1630540800000,489.5,504.7,478.0,483.7,1245680.6988,1630627199999,611758853.501436,787674,648219.1557,318489751.202876,0
1630627200000,483.6,495.0,473.0,488.5,1094104.742,1630713599999,533570500.4333,652207,559932.544,273213671.1255,0
1630713600000,488.4,509.9,485.2,497.7,1248261.6277,1630799999999,619851481.258591,713105,643245.7542,319419062.648741,0
1630800000000,497.8,505.2,488.4,504.8,878406.045,1630886399999,436390403.4393,598313,449961.164,223617413.0533,0
1630886400000,504.9,509.0,486.9,496.1,1121398.978,1630972799999,559438324.5125,718084,565681.051,282347697.9762,0
1630972800000,496.1,504.8,369.0,418.7,3358688.1229,1631059199999,1479395491.557286,1548603,1602132.4784,704689590.645824,0
1631059200000,418.7,425.5,382.3,415.0,2058507.11,1631145599999,841566323.6655,884760,991266.118,405521820.0415,0
1631145600000,415.2,436.1,403.4,421.3,1543293.221,1631231999999,644440971.8215,778617,792147.071,330788995.1246,0
1631232000000,421.3,439.4,393.2,401.4,1528906.751,1631318399999,632034252.0529,746322,760307.297,314486097.7836,0
1631318400000,401.4,415.3,399.3,405.1,922767.055,1631404799999,376762491.3478,470341,461508.387,188470359.6853,0
1631404800000,405.0,421.5,397.4,416.3,981402.883,1631491199999,405085778.0838,522393,488821.908,201820737.2838,0
1631491200000,416.4,419.7,383.0,399.1,1531654.719,1631577599999,609769200.4037,690953,769807.15,306456631.0462,0
1631577600000,399.1,414.7,395.7,414.3,930635.792,1631663999999,376195780.1579,532901,480280.307,194161253.1483,0
1631664000000,414.3,438.0,409.6,431.3,1182055.631,1631750399999,502438326.3707,635488,622747.317,264847197.7576,0
1631750400000,431.2,435.0,415.6,424.3,1037049.02,1631836799999,442117531.7271,617329,518404.577,221110736.8085,0
1631836800000,424.2,426.0,400.4,406.6,844137.727,1631923199999,349222596.7781,522901,418600.643,173221233.9268,0
1631923200000,406.8,420.0,401.5,410.7,733479.739,1632009599999,303442614.6176,506743,373050.942,154348317.6655,0
1632009600000,410.8,419.0,402.8,408.6,743095.721,1632095999999,305428364.0104,528398,366704.1,150773174.2069,0
1632096000000,408.5,410.1,353.7,364.1,1865673.9401,1632182399999,703797628.797956,977685,881923.5154,332657848.451965,0
1632182400000,364.1,376.0,336.8,344.4,1577059.1261,1632268799999,566624712.031199,763984,791896.4408,284572679.57325,0
1632268800000,344.4,379.9,342.3,379.0,1085212.972,1632355199999,394051611.6032,597515,553884.795,201235269.5457,0
1632355200000,378.9,384.6,369.0,383.5,992215.176,1632441599999,374836991.5699,519442,493566.181,186466460.6826,0
1632441600000,383.5,385.3,333.6,355.0,1718950.219,1632527999999,611327922.318234,748096,832490.1089,295986539.32521,0
1632528000000,355.0,360.8,343.2,349.6,916797.617,1632614399999,322522702.0666,418464,453287.438,159500728.5629,0
1632614400000,349.6,353.0,320.0,344.0,1538759.1618,1632700799999,521735683.850301,622577,746995.2385,253455370.050686,0
1632700800000,344.0,357.6,335.0,335.5,956544.069,1632787199999,332372476.5115,457187,471865.409,164032359.6946,0
1632787200000,335.5,344.6,330.0,333.0,922077.227,1632873599999,310828343.6974,417006,462640.097,156013524.1282,0
1632873600000,332.9,375.4,331.2,367.7,1696420.045,1632959999999,612547661.8839,653011,847213.725,305701063.9109,0
1632960000000,367.7,388.8,366.4,387.5,1163674.206,1633046399999,439628574.4184,551245,596095.313,225216292.8013,0
1633046400000,387.5,423.4,381.5,421.5,1440336.041,1633132799999,584311192.716,727854,745894.075,302609132.0077,0
1633132800000,421.4,438.2,410.6,427.1,1039006.518,1633219199999,441907791.7276,604611,529417.889,225199900.6896,0
1633219200000,427.0,437.2,421.5,430.5,820910.792,1633305599999,352575425.7036,519696,413794.044,177745337.3787,0
1633305600000,430.5,430.9,410.9,426.3,974423.359,1633391999999,410376184.3993,557908,494836.34,208477271.8517,0
1633392000000,426.4,444.0,424.0,442.1,883699.828,1633478399999,385403145.0597,623411,463235.919,202048232.3482,0
1633478400000,442.0,442.8,414.7,434.9,1245088.683,1633564799999,537791098.8015,758834,601184.585,259708002.9502,0
1633564800000,434.9,450.0,423.6,438.5,1159098.7447,1633651199999,509653579.8304,736772,601235.4267,264438982.3554,0
1633651200000,438.5,441.6,415.7,419.2,1505999.188,1633737599999,644030609.2269,944084,744536.978,318365991.6015,0
1633737600000,419.3,426.0,416.0,421.9,632123.526,1633823999999,266856749.2173,455659,325020.232,137240869.6649,0
1633824000000,421.9,422.3,402.0,404.1,729380.963,1633910399999,302884829.9452,500068,361493.033,150173542.0537,0
1633910400000,404.0,424.0,399.8,413.1,759924.884,1633996799999,314882971.6098,509680,387435.599,160663005.8374,0
1633996800000,413.2,444.5,392.2,444.2,1966630.183,1634083199999,829580710.1162,953219,994069.476,419640812.1219,0
1634083200000,444.1,471.8,432.3,470.8,3383303.439,1634169599999,1542057671.3891,1576761,1710530.955,779651509.732,0
1634169600000,470.7,482.8,461.2,472.7,1431305.925,1634255999999,676261023.816744,845772,742091.277,350671411.594244,0
1634256000000,472.7,478.0,450.8,474.5,1508188.787,1634342399999,702474058.1554,882619,773010.288,360145949.6193,0
1634342400000,474.5,484.7,423.0,465.8,1040477.571,1634428799999,490585492.1044,718791,518367.117,244799036.5714,0
1634428800000,465.8,472.4,454.2,470.9,890609.849,1634515199999,414577714.959,546483,441006.57,205355248.1758,0
1634515200000,471.0,487.6,466.4,484.9,1091006.031,1634601599999,518750531.8773,694852,570188.11,271176451.5119,0
1634601600000,485.0,497.6,480.3,488.1,912494.969,1634687999999,445294411.0935,685710,461125.851,225085951.4643,0
1634688000000,488.1,505.9,481.3,501.3,946412.94,1634774399999,467959376.3972,693317,499987.164,247248963.7968,0
1634774400000,501.3,504.9,466.0,470.9,1851835.929,1634860799999,900310066.4435,1225287,927933.956,451159046.0223,0
1634860800000,470.9,498.0,470.7,479.3,1118876.638,1634947199999,541705782.6395,722480,580705.769,281187181.8491,0
1634947200000,479.3,485.7,472.6,485.5,521970.795,1635033599999,250907116.8612,425737,268423.017,129058618.3186,0
1635033600000,485.5,486.5,467.8,475.8,590939.031,1635119999999,281745798.0897,483168,300455.544,143292247.6794,0
1635120000000,475.8,488.6,474.7,485.1,632116.761,1635206399999,305600064.9152,548234,332462.431,160735031.4063,0
1635206400000,485.1,489.8,473.5,478.1,702610.184,1635292799999,340191955.2634,589181,357720.978,173245847.0757,0
1635292800000,478.2,486.4,435.3,448.7,1370950.214,1635379199999,630367975.4475,973507,663457.287,305180862.5071,0
1635379200000,448.7,494.8,446.4,491.9,1523900.006,1635465599999,724786890.2403,1074597,786775.321,374277719.5819,0
1635465600000,492.0,533.61,487.6,530.3,1411851.4394,1635551999999,720241822.825672,1222937,768100.0328,391836939.857562,0
1635552000000,530.3,540.5,510.2,528.3,1095033.1264,1635638399999,575511112.876323,1048477,556476.9659,292522938.629933,0
1635638400000,528.4,535.0,508.9,524.6,1018991.819,1635724799999,532431987.4044,914156,515522.72,269374873.4912,0
1635724800000,524.6,551.9,511.0,551.3,1274272.0851,1635811199999,679389556.770091,1045678,672505.8114,358662328.211151,0
1635811200000,551.3,564.0,537.4,554.4,1153919.1399,1635897599999,635985237.925595,1103251,589617.5201,325078588.533195,0
1635897600000,554.4,570.1,537.5,568.4,1262766.5996,1635983999999,699196827.647012,1110367,667227.529,369585015.515862,0
1635984000000,568.4,568.9,543.6,558.7,1052950.033,1636070399999,584534661.6208,949944,531765.729,295260799.9798,0
1636070400000,558.8,616.9,554.1,607.3,1989945.5433,1636156799999,1187156588.997054,1493105,1031294.7765,614986723.355154,0
1636156800000,607.3,637.8,595.1,637.7,1366385.957,1636243199999,838291690.084161,1130633,681187.6267,418001220.355981,0
1636243200000,637.7,669.3,630.5,649.6,1476373.2487,1636329599999,968328578.142363,1237108,735694.673,482470217.683793,0
1636329600000,649.5,655.7,631.0,653.5,1290096.384,1636415999999,829833782.4209,1107452,643358.73,413906018.5439,0
1636416000000,653.6,656.7,631.9,635.0,879119.398,1636502399999,565719151.0885,913767,438097.252,281960401.4051,0
1636502400000,635.0,662.9,573.0,614.1,1814654.086,1636588799999,1144508386.2603,1566685,877164.774,553767086.3746,0
1636588800000,614.2,635.2,605.7,628.4,1019740.949,1636675199999,635981486.4901,964876,520136.654,324403092.2915,0
1636675200000,628.4,634.5,602.7,626.9,1012909.088,1636761599999,628792038.9268,808543,503526.29,312576942.1893,0
1636761600000,626.8,655.0,619.6,649.5,900107.757,1636847999999,574247361.3526,837297,462783.124,295324224.1481,0
1636848000000,649.5,661.0,634.5,650.8,933689.139,1636934399999,605300515.2465,849977,457605.185,296682830.3456,0
1636934400000,650.7,659.5,630.3,633.8,953989.634,1637020799999,615298900.6627,1026712,455754.644,294013379.1506,0
1637020800000,633.9,635.2,573.7,588.7,2200954.903,1637107199999,1320193365.0954,1606754,1061429.794,636121482.4142,0
1637107200000,588.8,592.6,553.7,578.0,1453408.555,1637193599999,832762537.5207,931271,727514.868,416941222.8617,0
1637193600000,577.9,588.2,510.0,531.8,1750338.428,1637279999999,965930426.1507,1064211,852835.88,471075433.5588,0
1637280000000,531.9,585.5,523.9,581.0,1300787.958,1637366399999,726611378.2376,899077,656184.833,366593185.6816,0
1637366400000,581.0,604.8,572.6,604.3,1119517.131,1637452799999,657161664.3158,879969,558042.94,327615767.3645,0
1637452800000,604.4,605.2,579.6,584.0,970133.807,1637539199999,572049351.412,813817,479850.967,282971141.0656,0
1637539200000,584.0,585.5,553.8,559.3,1141002.755,1637625599999,650028588.5166,773893,566693.965,322893754.604,0
1637625600000,559.4,605.0,557.9,591.1,1202541.917,1637711999999,700415875.4591,861890,610233.474,355485660.3154,0
1637712000000,591.1,594.3,576.8,590.3,1079667.803,1637798399999,632805869.1918,849926,542646.976,318092960.3371,0
1637798400000,590.4,650.0,587.4,639.1,1536194.042,1637884799999,958625175.4105,1281222,785388.645,489988789.4971,0
1637884800000,639.1,657.9,564.2,587.3,2413553.439,1637971199999,1447846558.5573,1595124,1190239.602,713762317.6029,0
1637971200000,587.2,621.3,582.6,599.9,1183849.36,1638057599999,712876474.9266,834017,608949.708,366634591.7336,0
1638057600000,599.9,612.9,571.6,611.3,1281130.351,1638143999999,757806021.786,850287,637614.225,377217502.8542,0
1638144000000,611.4,629.0,601.6,623.4,1090520.864,1638230399999,672538451.6903,866073,560898.356,345899573.4057,0
1638230400000,623.5,635.0,602.6,622.5,1380656.205,1638316799999,858030125.9787,1002401,698521.928,434270015.6961,0
1638316800000,622.5,649.8,618.2,627.5,1384101.087,1638403199999,879872431.1519,973369,697767.741,443639554.4136,0
1638403200000,627.5,630.9,605.5,619.9,1104596.881,1638489599999,685357094.9824,776160,542229.378,336493098.1181,0
1638489600000,619.9,628.0,574.0,595.0,1250950.167,1638575999999,758470254.7318,903964,611140.676,370745476.1359,0
1638576000000,595.1,596.0,489.2,568.6,2611783.647,1638662399999,1425050943.3721,1498320,1260304.849,688193069.5578,0
1638662400000,568.5,582.0,539.9,557.8,1258393.72,1638748799999,707167735.8036,749846,629604.781,353742720.7683,0
1638748800000,557.7,593.0,533.0,587.5,2005928.932,1638835199999,1119432809.5291,1152308,1020222.356,569630285.3942,0
1638835200000,587.5,594.1,572.2,578.7,1017363.943,1638921599999,595103047.9773,807295,519062.125,303717026.8277,0
1638921600000,578.7,607.6,567.0,607.2,1113215.449,1639007999999,651285928.0383,805159,563504.848,329800182.1351,0
1639008000000,607.3,617.0,567.7,570.2,1096635.012,1639094399999,648380380.7178,772261,537087.416,317731203.8656,0
1639094400000,570.2,595.1,550.2,552.4,1083121.564,1639180799999,621292933.926,730571,548260.331,314474588.1019,0
1639180800000,552.5,572.7,542.0,564.5,950448.474,1639267199999,529027286.0263,649423,483388.118,269008578.7261,0
1639267200000,564.6,574.8,559.3,570.3,544940.336,1639353599999,308334857.2714,476827,281070.612,159043434.4895,0
1639353600000,570.3,572.2,511.1,521.0,1037150.705,1639439999999,558660545.4829,678583,496813.632,267720996.4967,0
1639440000000,521.0,535.8,509.7,528.1,1263782.101,1639526399999,660926721.8958,832636,630971.259,330040896.6269,0
1639526400000,528.0,546.7,501.6,541.1,1147515.305,1639612799999,604825337.5588,798472,570060.033,300705526.32,0
1639612800000,541.1,545.3,524.8,526.2,735504.682,1639699199999,394779330.6026,562102,365346.472,196115463.6768,0
1639699200000,526.2,535.8,511.0,525.5,921732.763,1639785599999,484731644.0489,636038,456060.338,239896688.5116,0
1639785600000,525.5,537.8,515.0,533.9,580436.098,1639871999999,306816951.2816,429085,297913.645,157516909.2405,0
1639872000000,533.9,544.4,527.1,529.8,540256.684,1639958399999,289149894.6572,398493,272058.622,145637296.775,0
1639958400000,529.8,534.8,505.6,524.0,727454.212,1640044799999,377351552.6286,503004,355652.842,184530907.7199,0
1640044800000,524.0,535.7,509.8,528.3,686439.708,1640131199999,362435440.6159,468897,351944.821,185860057.3185,0
1640131200000,528.4,545.0,527.2,533.6,721787.109,1640217599999,386718252.4613,534390,368159.343,197287087.8335,0
1640217600000,533.6,552.6,524.3,549.0,844421.954,1640303999999,452954925.0665,601818,434852.821,233299578.792,0
1640304000000,549.0,554.4,537.4,542.1,665439.81,1640390399999,363633383.3102,514371,333488.932,182268136.3992,0
1640390400000,542.1,550.5,539.1,547.4,455399.793,1640476799999,248401383.1592,359677,229738.36,125325925.4399,0
1640476800000,547.4,549.3,535.6,546.4,536338.775,1640563199999,291474552.8352,398373,274890.311,149387990.7642,0
1640563200000,546.5,572.0,543.1,563.7,803370.283,1640649599999,448414224.8962,556275,422781.44,236053817.5859,0
1640649600000,563.7,563.7,528.4,534.2,1002556.271,1640735999999,547720713.5012,627465,488779.085,267063481.6691,0
1640736000000,534.2,540.5,510.3,514.5,740117.867,1640822399999,390415720.3118,498434,352578.627,186049723.4879,0
1640822400000,514.5,527.8,508.3,518.5,639166.717,1640908799999,331680388.3552,431967,316479.96,164269838.9279,0
1640908800000,518.6,528.3,506.0,511.4,677844.749,1640995199999,350384267.7,449243,327189.312,169196390.5897,0
1640995200000,511.5,527.9,511.4,527.3,446171.541,1641081599999,231696121.2996,329538,228746.06,118795531.093,0
1641081600000,527.4,533.9,518.0,531.0,404475.541,1641167999999,212693827.9376,346252,201215.689,105821746.9582,0
1641168000000,531.0,532.8,510.0,511.9,663841.021,1641254399999,345896511.2778,463331,307248.318,160218591.7212,0
1641254400000,511.9,520.0,502.0,506.9,687436.638,1641340799999,351709153.0318,481805,339618.046,173854830.3378,0
1641340800000,506.9,516.0,457.0,474.1,985152.004,1641427199999,487039058.787,629399,468264.457,231667717.7675,0
1641427200000,474.2,481.3,458.8,472.6,986669.9,1641513599999,462959866.6669,543241,483572.536,226927150.9018,0
1641513600000,472.6,473.9,437.5,448.1,1331260.03,1641599999999,600028684.1946,615848,651085.365,293413191.1806,0
1641600000000,448.1,459.7,415.0,429.9,1062788.589,1641686399999,464082732.8109,512468,512118.122,223858210.4121,0
1641686400000,429.8,444.5,427.0,438.7,688777.347,1641772799999,299514285.4251,367892,350251.38,152326150.6956,0
1641772800000,438.8,445.5,405.6,424.7,1221504.738,1641859199999,518143646.508,550883,598982.046,254094710.5416,0
1641859200000,424.8,467.7,421.3,463.6,1266092.819,1641945599999,571335667.7927,670993,633684.189,285974081.1136,0
1641945600000,463.6,489.9,456.6,487.8,836124.928,1642031999999,395395226.9867,542753,423686.855,200326634.2946,0
1642032000000,487.8,489.8,466.5,475.2,908052.937,1642118399999,434855256.5301,574157,444646.22,212967489.4348,0
1642118400000,475.1,492.3,467.6,490.0,797022.181,1642204799999,383070562.1503,532865,399272.612,191940595.492,0
1642204800000,489.9,500.9,485.0,494.5,548626.203,1642291199999,270831128.9543,408859,273845.493,135196757.8088,0
1642291200000,494.5,506.0,488.6,498.6,507042.332,1642377599999,251862226.2236,389752,255573.101,126955976.8741,0
1642377600000,498.6,499.1,466.9,475.2,757806.035,1642463999999,363254557.7459,517026,366529.219,175776792.5506,0
1642464000000,475.1,479.6,457.2,471.4,707501.577,1642550399999,330240013.3563,451974,347746.444,162364731.6517,0
1642550400000,471.5,473.1,453.7,461.9,585750.3,1642636799999,272375832.0181,397483,288526.101,134181496.3553,0
1642636800000,461.9,478.7,438.2,440.2,1137854.894,1642723199999,528565003.8169,688607,571148.567,265571291.5449,0
1642723200000,440.2,444.6,373.7,383.9,1891179.594,1642809599999,780737529.9346,871503,924044.423,381743544.5111,0
1642809600000,383.8,389.6,336.3,358.3,2635609.386,1642895999999,949889475.2338,1039653,1301920.156,469510550.9883,0
1642896000000,358.3,389.0,356.3,383.9,1297043.923,1642982399999,486432084.5722,564987,648942.742,243330333.4258,0
1642982400000,384.0,384.0,336.0,371.3,1900214.42,1643068799999,674434639.6883,747043,939454.975,333557486.5505,0
1643068800000,371.2,389.5,357.4,385.1,1006111.155,1643155199999,374436795.3877,496841,508732.792,189366617.1185,0
1643155200000,385.1,402.4,366.4,375.1,1073520.172,1643241599999,413788334.1036,609665,541547.803,208804261.6785,0
1643241600000,375.1,393.8,360.0,389.9,962060.888,1643327999999,358493434.8504,530658,471171.641,175473344.5241,0
1643328000000,389.9,395.9,375.8,385.9,752320.615,1643414399999,290426869.6174,439977,386443.382,149191637.3446,0
1643414400000,385.9,397.3,380.7,389.3,534573.782,1643500799999,207593040.2279,342125,263033.259,102193937.2444,0
1643500800000,389.4,389.6,372.2,377.2,536436.123,1643587199999,204652766.3272,322360,256880.767,98025189.9016,0
1643587200000,377.2,385.4,365.2,374.3,620113.734,1643673599999,232898450.6479,360853,299825.668,112651437.3032,0
1643673600000,374.4,388.4,373.7,384.2,555347.277,1643759999999,212697945.1107,333563,287877.37,110293234.4083,0
1643760000000,384.1,386.1,366.1,366.9,572340.04,1643846399999,215596317.4431,346326,273049.822,102886669.806,0
1643846400000,367.1,372.4,359.6,372.3,495715.227,1643932799999,181299666.3064,300375,241325.244,88275011.5879,0
1643932800000,372.2,399.7,369.5,399.5,849825.828,1644019199999,326468411.3554,412637,456265.076,175306007.4232,0
1644019200000,399.6,431.0,396.3,413.7,1031046.87,1644105599999,429828793.049,526783,520603.252,216978975.2392,0
1644105600000,413.8,422.5,407.0,419.9,542631.176,1644191999999,225211627.8565,345411,277772.083,115280470.3142,0
1644192000000,419.9,439.0,413.3,433.5,758247.667,1644278399999,326074842.5938,475365,391186.266,168228778.1696,0
1644278400000,433.5,445.4,406.2,407.8,1148555.321,1644364799999,484080748.7926,608313,555684.262,234349470.0003,0
1644364800000,407.9,427.7,407.1,422.9,633880.431,1644451199999,265055577.1978,390401,325445.133,136102659.7955,0
1644451200000,422.9,434.9,410.0,414.7,956240.339,1644537599999,403767915.0088,518995,476629.455,201393978.0868,0
1644537600000,414.7,418.9,390.5,400.0,700843.2,1644623999999,286858834.3641,438186,340126.872,139329643.6746,0
1644624000000,400.0,407.1,393.3,403.6,521080.237,1644710399999,208673604.9611,338979,257919.186,103312876.227,0
1644710400000,403.6,407.8,394.7,397.9,388657.052,1644796799999,156144929.8226,267677,185921.683,74722055.676,0
1644796800000,398.0,404.5,390.6,403.4,472210.318,1644883199999,187826631.9452,281617,236504.48,94111239.337,0
1644883200000,403.4,443.0,402.7,432.4,1184143.99,1644969599999,505124380.0128,555199,606900.857,258975010.5524,0
1644969600000,432.4,433.5,422.2,427.3,606252.493,1645055999999,259874383.3159,376834,300138.378,128700291.5079,0
1645056000000,427.3,431.1,400.0,402.4,661874.717,1645142399999,275709832.7181,399164,319535.092,133101455.9761,0
1645142400000,402.4,411.0,392.2,399.2,611936.679,1645228799999,245671823.9169,332933,291905.747,117197127.9116,0
1645228800000,399.2,406.4,393.0,399.8,410279.304,1645315199999,164154087.3112,253423,201734.291,80728447.7264,0
1645315200000,399.8,400.0,375.0,380.6,624148.525,1645401599999,239051430.9718,344722,293980.502,112546478.8921,0
1645401600000,380.7,393.7,355.0,356.6,1219652.481,1645487999999,457114758.2113,537899,579699.365,217373414.3592,0
1645488000000,356.7,373.6,348.7,369.5,879276.103,1645574399999,317455891.6134,362136,441301.995,159413727.9929,0
